"","SampleID","General2012","Friendslog2012","Facebook2012","Friends2012","YearsOnFb2012","Age2012","AgeBi","AgeCat","Female","PartyID2012","State"
"1","S113",1,0,0,NA,NA,79,"0","3",0,"1","NC"
"2","S67",1,0,0,NA,NA,93,"0","3",1,"1","NC"
"3","S28",1,4.58496747867057,1,98,2,56,"0","0",1,"1","NC"
"4","S95",1,0,0,NA,NA,73,"0","3",0,"2","NC"
"5","S149",1,0,0,NA,NA,69,"0","3",0,"2","NC"
"6","S98",1,0,0,NA,NA,48,"0","0",0,"2","NC"
"7","S58",1,0.693147180559945,1,2,3,59,"0","0",1,"0","NC"
"8","S240",1,0.693147180559945,1,2,2,78,"0","3",0,"1","NC"
"9","S69",1,0.693147180559945,1,2,3,68,"0","3",1,"1","NC"
"10","S115",1,0.693147180559945,1,2,3,72,"0","3",0,"1","NC"
"11","S249",1,0,0,NA,NA,82,"0","3",0,"0","NC"
"12","S39",1,0.693147180559945,1,2,2,59,"0","0",1,"1","NC"
"13","S118",1,0.693147180559945,1,2,2,66,"0","3",0,"2","NC"
"14","S197",1,0,0,NA,NA,61,"0","3",1,"0","NC"
"15","S42",1,0.693147180559945,1,2,2,52,"0","0",1,"1","NC"
"16","S229",1,0,0,NA,NA,67,"0","3",0,"2","NC"
"17","S136",1,0,0,NA,NA,59,"0","0",0,"2","NC"
"18","S71",1,4.74493212836325,1,115,1,59,"0","0",1,"1","NC"
"19","S148",1,4.17438726989564,1,65,3,66,"0","3",1,"0","NC"
"20","S180",1,0,0,NA,NA,54,"0","0",0,"0","NC"
"21","S104",1,0,0,NA,NA,52,"0","0",1,"0","NC"
"22","S241",0,0,0,NA,NA,54,"0","0",0,"0","NC"
"23","S217",1,0,0,NA,NA,60,"0","0",0,"0","NC"
"24","S210",1,4.9416424226093,1,140,2,50,"0","0",1,"1","NC"
"25","S163",0,3.29583686600433,1,27,4,62,"0","3",0,"1","NC"
"26","S56",1,0,0,NA,NA,54,"0","0",0,"0","NC"
"27","S168",1,0,0,NA,NA,54,"0","0",1,"0","NC"
"28","S43",1,0,0,NA,NA,40,"0","0",1,"2","NC"
"29","S150",1,0,0,NA,NA,49,"0","0",0,"2","NC"
"30","S59",1,3.93182563272433,1,51,3,60,"0","0",1,"1","NC"
"31","S157",1,0,0,NA,NA,38,"0","0",1,"2","NC"
"32","S102",1,0,0,NA,NA,64,"0","3",0,"2","NC"
"33","S76",1,0,0,NA,NA,65,"0","3",0,"2","NC"
"34","S66",1,5.79301360838414,1,328,4,47,"0","0",1,"2","NC"
"35","S54",0,0,0,NA,NA,43,"0","0",0,"0","NC"
"36","S105",1,0,0,NA,NA,67,"0","3",1,"1","NC"
"37","S85",1,0,0,NA,NA,66,"0","3",0,"2","NC"
"38","S29",1,3.17805383034795,1,24,3,60,"0","0",1,"0","NC"
"39","S164",1,4.33073334028633,1,76,3,48,"0","0",0,"2","NC"
"40","S81",1,0,0,NA,NA,59,"0","0",0,"1","NC"
"41","S242",1,0.693147180559945,1,2,3,52,"0","0",0,"2","NC"
"42","S120",1,0,0,NA,NA,80,"0","3",0,"0","NC"
"43","S195",0,0,0,NA,NA,42,"0","0",1,"0","NC"
"44","S142",1,3.8286413964891,1,46,3,44,"0","0",1,"2","NC"
"45","S25",1,0.693147180559945,1,2,3,48,"0","0",1,"1","NC"
"46","S119",0,0,0,NA,NA,49,"0","0",0,"0","NC"
"47","S203",1,0,0,NA,NA,49,"0","0",1,"1","NC"
"48","S96",1,0,0,NA,NA,58,"0","0",0,"2","NC"
"49","S233",0,0,0,NA,NA,44,"0","0",1,"1","NC"
"50","S110",1,0,0,NA,NA,53,"0","0",1,"1","NC"
"51","S106",1,0,0,NA,NA,40,"0","0",1,"2","NC"
"52","S47",1,2.07944154167984,1,8,1,60,"0","0",0,"0","NC"
"53","S171",1,0.693147180559945,1,2,4,39,"0","0",1,"0","NC"
"54","S245",0,0,0,NA,NA,43,"0","0",0,"1","NC"
"55","S52",1,0,0,NA,NA,46,"0","0",1,"1","NC"
"56","S62",1,6.44888939414686,1,632,3,40,"0","0",0,"0","NC"
"57","S8",1,0.693147180559945,1,2,3,46,"0","0",1,"1","NC"
"58","S215",1,0,0,NA,NA,80,"0","3",1,"1","NC"
"59","S193",1,0.693147180559945,1,2,3,51,"0","0",0,"2","NC"
"60","S206",1,0,0,NA,NA,47,"0","0",1,"0","NC"
"61","S111",0,5.77144112313002,1,321,4,42,"0","0",1,"1","NC"
"62","S91",1,5.18738580584075,1,179,4,42,"0","0",1,"0","NC"
"63","S36",1,0.693147180559945,1,2,3,49,"0","0",0,"0","NC"
"64","S73",1,0,0,NA,NA,45,"0","0",1,"1","NC"
"65","S122",1,0,0,NA,NA,79,"0","3",1,"2","NC"
"66","S225",1,5.83188247728352,1,341,1,43,"0","0",1,"1","NC"
"67","S114",1,0,0,NA,NA,61,"0","3",0,"2","NC"
"68","S192",1,0,0,NA,NA,63,"0","3",0,"2","NC"
"69","S2",1,0,0,NA,NA,62,"0","3",1,"1","NC"
"70","S170",1,0,0,NA,NA,59,"0","0",1,"2","NC"
"71","S2351",1,0,0,NA,NA,50,"0","0",1,"1","OH"
"72","S236",1,0,0,NA,NA,65,"0","3",1,"1","OH"
"73","S2371",1,0,0,NA,NA,57,"0","0",0,"2","OH"
"74","S238",1,0.693147180559945,1,2,1,48,"0","0",1,"1","OH"
"75","S2391",1,0,0,NA,NA,62,"0","3",0,"0","OH"
"76","S2401",1,0,0,NA,NA,75,"0","3",1,"0","OH"
"77","S2411",0,0,0,NA,NA,84,"0","3",0,"0","OH"
"78","S2421",1,0,0,NA,NA,58,"0","0",0,"1","OH"
"79","S2431",1,6.44413125670044,1,629,3,44,"0","0",0,"1","OH"
"80","S2441",1,0.693147180559945,1,2,1,53,"0","0",1,"1","OH"
"81","S2451",1,0,0,NA,NA,64,"0","3",0,"1","OH"
"82","S2461",1,4.14313472639153,1,63,2,66,"0","3",0,"2","OH"
"83","S2471",1,0,0,NA,NA,78,"0","3",0,"0","OH"
"84","S2481",1,0,0,NA,NA,62,"0","3",0,"0","OH"
"85","S2491",NA,0,0,NA,NA,76,"0","3",1,"1","OH"
"86","S250",1,0,0,NA,NA,34,"0","0",0,"2","OH"
"87","S251",1,0,0,NA,NA,62,"0","3",0,"0","OH"
"88","S252",0,0,0,NA,NA,47,"0","0",1,"0","OH"
"89","S253",0,4.95582705760126,1,142,4,32,"0","0",0,"0","OH"
"90","S254",1,0,0,NA,NA,66,"0","3",0,"1","OH"
"91","S255",1,0,0,NA,NA,73,"0","3",0,"0","OH"
"92","S256",1,5.19849703126583,1,181,3,51,"0","0",1,"2","OH"
"93","S257",1,0,0,NA,NA,45,"0","0",1,"1","OH"
"94","S258",0,5.29831736654804,1,200,3,29,"0","2",1,"0","OH"
"95","S259",1,0,0,NA,NA,31,"0","2",1,"0","OH"
"96","S260",1,4.07753744390572,1,59,2,65,"0","3",1,"0","OH"
"97","S261",1,4.85981240436167,1,129,4,51,"0","0",1,"0","OH"
"98","S262",1,0,0,NA,NA,64,"0","3",1,"1","OH"
"99","S263",0,0,0,NA,NA,29,"0","2",1,"0","OH"
"100","S264",1,0,0,NA,NA,70,"0","3",1,"1","OH"
"101","S265",0,0,0,NA,NA,83,"0","3",1,"2","OH"
"102","S266",1,0,0,NA,NA,50,"0","0",1,"2","OH"
"103","S267",1,0,0,NA,NA,52,"0","0",0,"1","OH"
"104","S268",1,4.97673374242057,1,145,4,45,"0","0",0,"1","OH"
"105","S269",1,0,0,NA,NA,71,"0","3",0,"1","OH"
"106","S270",1,0.693147180559945,1,2,3,52,"0","0",1,"0","OH"
"107","S271",1,0,0,NA,NA,58,"0","0",0,"2","OH"
"108","S272",1,0,0,NA,NA,57,"0","0",1,"0","OH"
"109","S273",1,0,0,NA,NA,46,"0","0",0,"0","OH"
"110","S274",1,0.693147180559945,1,2,2,60,"0","0",1,"2","OH"
"111","S275",1,0.693147180559945,1,2,3,60,"0","0",0,"0","OH"
"112","S276",1,0,0,NA,NA,74,"0","3",0,"1","OH"
"113","S277",1,0,0,NA,NA,61,"0","3",1,"1","OH"
"114","S278",1,0.693147180559945,1,2,3,75,"0","3",1,"1","OH"
"115","S279",1,0,0,NA,NA,51,"0","0",0,"2","OH"
"116","S280",1,5.48063892334199,1,240,3,50,"0","0",0,"2","OH"
"117","S281",1,0,0,NA,NA,77,"0","3",1,"1","OH"
"118","S282",1,0,0,NA,NA,82,"0","3",0,"0","OH"
"119","S283",1,5.27299955856375,1,195,3,49,"0","0",1,"0","OH"
"120","S284",0,0,0,NA,NA,56,"0","0",0,"0","OH"
"121","S285",1,0,0,NA,NA,82,"0","3",0,"2","OH"
"122","S286",1,3.40119738166216,1,30,3,67,"0","3",1,"2","OH"
"123","S287",1,0,0,NA,NA,55,"0","0",0,"1","OH"
"124","S288",1,0,0,NA,NA,74,"0","3",0,"2","OH"
"125","S289",1,0,0,NA,NA,82,"0","3",1,"2","OH"
"126","S290",1,0,0,NA,NA,77,"0","3",0,"2","OH"
"127","S291",0,5.80814248998044,1,333,1,94,"0","3",1,"0","OH"
"128","S292",1,0,0,NA,NA,69,"0","3",0,"2","OH"
"129","S293",1,0.693147180559945,1,2,4,66,"0","3",1,"2","OH"
"130","S294",1,0,0,NA,NA,66,"0","3",0,"2","OH"
"131","S295",1,0,0,NA,NA,97,"0","3",1,"1","OH"
"132","S296",1,0.693147180559945,1,2,2,48,"0","0",0,"0","OH"
"133","S297",1,0,0,NA,NA,69,"0","3",1,"2","OH"
"134","S298",1,0,0,NA,NA,70,"0","3",1,"2","OH"
"135","S299",1,0.693147180559945,1,2,1,65,"0","3",1,"1","OH"
"136","S300",1,0,0,NA,NA,62,"0","3",0,"1","OH"
"137","S301",1,6.4707995037826,1,646,2,30,"0","2",1,"0","OH"
"138","S302",1,0.693147180559945,1,2,3,61,"0","3",1,"2","OH"
"139","S303",1,0,0,NA,NA,83,"0","3",1,"2","OH"
"140","S304",1,0,0,NA,NA,73,"0","3",1,"0","OH"
"141","S305",0,5.72031177660741,1,305,3,50,"0","0",1,"0","OH"
"142","S306",1,0,0,NA,NA,52,"0","0",1,"1","OH"
"143","S307",1,0.693147180559945,1,2,3,64,"0","3",1,"2","OH"
"144","S308",0,0.693147180559945,1,2,3,50,"0","0",1,"0","OH"
"145","S309",1,0,0,NA,NA,78,"0","3",0,"2","OH"
"146","S310",1,0.693147180559945,1,2,1,70,"0","3",0,"2","OH"
"147","S311",1,0,0,NA,NA,38,"0","0",0,"2","OH"
"148","S312",1,0,0,NA,NA,77,"0","3",1,"2","OH"
"149","S313",0,0,0,NA,NA,70,"0","3",1,"0","OH"
"150","S314",1,0,0,NA,NA,80,"0","3",0,"1","OH"
"151","S315",1,0,0,NA,NA,50,"0","0",0,"1","OH"
"152","S316",1,0.693147180559945,1,2,3,63,"0","3",1,"2","OH"
"153","S317",1,0,0,NA,NA,67,"0","3",0,"2","OH"
"154","S318",1,6.40687998606931,1,606,3,44,"0","0",1,"1","OH"
"155","S319",NA,0,0,NA,NA,51,"0","0",1,"0","OH"
"156","S320",1,0,0,NA,NA,55,"0","0",1,"2","OH"
"157","S321",1,0.693147180559945,1,2,3,61,"0","3",1,"0","OH"
"158","S322",1,5.33271879326537,1,207,3,57,"0","0",1,"0","OH"
"159","S323",1,0.693147180559945,1,2,4,64,"0","3",0,"1","OH"
"160","S324",1,0,0,NA,NA,66,"0","3",1,"2","OH"
"161","S325",1,6.4425401664682,1,628,3,45,"0","0",NA,"1","OH"
"162","S326",1,0.693147180559945,1,2,1,69,"0","3",1,"0","OH"
"163","S327",1,0,0,NA,NA,76,"0","3",0,"2","OH"
"164","S328",1,0,0,NA,NA,69,"0","3",0,"2","OH"
"165","S329",0,0.693147180559945,1,2,1,38,"0","0",1,"0","OH"
"166","S330",0,0,0,NA,NA,46,"0","0",1,"0","OH"
"167","S331",1,0.693147180559945,1,2,1,69,"0","3",1,"1","OH"
"168","S332",1,0.693147180559945,1,2,1,55,"0","0",1,"1","OH"
"169","S333",1,3.63758615972639,1,38,1,81,"0","3",0,"1","OH"
"170","S334",1,0,0,NA,NA,56,"0","0",0,"2","OH"
"171","S335",1,4.31748811353631,1,75,1,53,"0","0",1,"1","OH"
"172","S336",1,0,0,NA,NA,68,"0","3",0,"1","OH"
"173","S337",0,0,0,NA,NA,63,"0","3",1,"0","OH"
"174","S338",1,6.10031895202006,1,446,2,46,"0","0",1,"1","OH"
"175","S339",1,0,0,NA,NA,62,"0","3",1,"1","OH"
"176","S340",1,0,0,NA,NA,59,"0","0",0,"1","OH"
"177","S341",1,0,0,NA,NA,50,"0","0",1,"2","OH"
"178","S342",1,6.49223983502047,1,660,4,46,"0","0",1,"1","OH"
"179","S343",0,0,0,NA,NA,70,"0","3",0,"0","OH"
"180","S344",1,0,0,NA,NA,57,"0","0",1,"1","OH"
"181","S345",1,0,0,NA,NA,72,"0","3",1,"0","OH"
"182","S346",1,0,0,NA,NA,63,"0","3",0,"1","OH"
"183","S347",1,3.04452243772342,1,21,1,50,"0","0",1,"2","OH"
"184","S348",1,4.00733318523247,1,55,1,46,"0","0",1,"0","OH"
"185","S349",1,0.693147180559945,1,2,1,56,"0","0",1,"2","OH"
"186","S350",1,0.693147180559945,1,2,1,63,"0","3",1,"0","OH"
"187","S351",1,0,0,NA,NA,80,"0","3",1,"2","OH"
"188","S352",1,0,0,NA,NA,40,"0","0",1,"0","OH"
"189","S353",0,0,0,NA,NA,61,"0","3",1,"0","OH"
"190","S354",1,0.693147180559945,1,2,1,49,"0","0",0,"0","OH"
"191","S355",1,5.64897423816121,1,284,1,49,"0","0",0,"1","OH"
"192","S356",0,0,0,NA,NA,42,"0","0",1,"0","OH"
"193","S357",1,0,0,NA,NA,45,"0","0",0,"0","OH"
"194","S358",1,0,0,NA,NA,48,"0","0",0,"2","OH"
"195","S359",1,0,0,NA,NA,34,"0","0",1,"2","OH"
"196","S360",1,0.693147180559945,1,2,2,39,"0","0",0,"0","OH"
"197","S361",0,0.693147180559945,1,2,3,53,"0","0",1,"1","OH"
"198","S362",1,6.80793494369993,1,905,2,30,"0","2",0,"0","OH"
"199","S363",1,0.693147180559945,1,2,2,43,"0","0",1,"1","OH"
"200","S364",0,0.693147180559945,1,2,3,34,"0","0",0,"0","OH"
"201","S365",1,3.3322045101752,1,28,2,54,"0","0",0,"0","OH"
"202","S366",1,0,0,NA,NA,46,"0","0",0,"0","OH"
"203","S367",0,0,0,NA,NA,33,"0","0",0,"0","OH"
"204","S368",1,0,0,NA,NA,56,"0","0",0,"1","OH"
"205","S369",1,0,0,NA,NA,44,"0","0",1,"0","OH"
"206","S370",1,0,0,NA,NA,57,"0","0",0,"0","OH"
"207","S371",0,0,0,NA,NA,47,"0","0",0,"0","OH"
"208","S372",0,0,0,NA,NA,36,"0","0",0,"0","OH"
"209","S373",1,4.90527477843843,1,135,3,31,"0","2",0,"0","OH"
"210","S374",1,5.65599181081985,1,286,3,45,"0","0",0,"0","OH"
"211","S375",1,0,0,NA,NA,78,"0","3",0,"1","OH"
"212","S376",1,5.93489419561959,1,378,4,31,"0","2",1,"0","OH"
"213","S377",1,0,0,NA,NA,45,"0","0",1,"0","OH"
"214","S378",0,4.82028156560504,1,124,2,44,"0","0",1,"0","OH"
"215","S379",0,0.693147180559945,1,2,2,35,"0","0",0,"0","OH"
"216","S380",0,0.693147180559945,1,2,1,55,"0","0",1,"0","OH"
"217","S381",1,0,0,NA,NA,28,"0","2",0,"0","OH"
"218","S382",0,0,0,NA,NA,38,"0","0",1,"0","OH"
"219","S383",0,5.43372200355424,1,229,5,28,"0","2",0,"0","OH"
"220","S384",1,0.693147180559945,1,2,3,53,"0","0",1,"0","OH"
"221","S385",1,0,0,NA,NA,46,"0","0",NA,"0","OH"
"222","S386",0,0,0,NA,NA,26,"0","2",NA,"0","OH"
"223","S387",0,0,0,NA,NA,63,"0","3",1,"1","OH"
"224","S388",0,6.3491389913798,1,572,6,27,"0","2",0,"0","OH"
"225","S389",1,0,0,NA,NA,27,"0","2",1,"1","OH"
"226","S390",1,0.693147180559945,1,2,2,53,"0","0",1,"0","OH"
"227","S391",0,4.12713438504509,1,62,1,55,"0","0",NA,"0","OH"
"228","S392",1,0.693147180559945,1,2,1,27,"0","2",1,"0","OH"
"229","S393",1,5.39816270151775,1,221,2,30,"0","2",0,"2","OH"
"230","S394",0,0,0,NA,NA,27,"0","2",0,"0","OH"
"231","S395",1,0.693147180559945,1,2,1,43,"0","0",1,"0","OH"
"232","S396",1,0,0,NA,NA,76,"0","3",1,"0","OH"
"233","S397",0,5.91350300563827,1,370,1,51,"0","0",0,"0","OH"
"234","S398",1,0,0,NA,NA,61,"0","3",1,"0","OH"
"235","S399",1,0,0,NA,NA,50,"0","0",1,"0","OH"
"236","S400",1,0.693147180559945,1,2,3,32,"0","0",0,"0","OH"
"237","S401",0,0,0,NA,NA,26,"0","2",1,"0","OH"
"238","S402",1,3.49650756146648,1,33,1,73,"0","3",1,"1","OH"
"239","S403",1,0,0,NA,NA,65,"0","3",0,"1","OH"
"240","S404",0,0,0,NA,NA,33,"0","0",0,"0","OH"
"241","S405",0,0.693147180559945,1,2,4,30,"0","2",1,"0","OH"
"242","S406",1,0,0,NA,NA,50,"0","0",0,"1","OH"
"243","S407",1,0.693147180559945,1,2,2,82,"0","3",0,"0","OH"
"244","S408",0,6.19440539110467,1,490,3,39,"0","0",0,"0","OH"
"245","S409",0,0,0,NA,NA,53,"0","0",0,"0","OH"
"246","S410",1,0,0,NA,NA,40,"0","0",0,"0","OH"
"247","S411",1,6.44730586254121,1,631,3,30,"0","2",1,"0","OH"
"248","S412",0,0.693147180559945,1,2,2,28,"0","2",0,"0","OH"
"249","S413",NA,0,0,NA,NA,39,"0","0",0,"0","OH"
"250","S414",1,0,0,NA,NA,53,"0","0",1,"0","OH"
"251","S415",NA,5.5834963087817,1,266,1,25,"1","1",NA,"0","OH"
"252","S416",1,0,0,NA,NA,69,"0","3",1,"2","OH"
"253","S417",1,0.693147180559945,1,2,6,25,"1","1",0,"1","OH"
"254","S418",0,0.693147180559945,1,2,3,25,"1","1",1,"0","OH"
"255","S419",0,0,0,NA,NA,54,"0","0",0,"0","OH"
"256","S420",0,0.693147180559945,1,2,3,38,"0","0",1,"0","OH"
"257","S421",1,0.693147180559945,1,2,1,54,"0","0",1,"0","OH"
"258","S422",1,5.77765232322266,1,323,6,25,"1","1",1,"0","OH"
"259","S423",0,0,0,NA,NA,37,"0","0",1,"0","OH"
"260","S424",1,7.11639414409346,1,1232,2,49,"0","0",0,"2","OH"
"261","S425",1,0,0,NA,NA,31,"0","2",1,"0","OH"
"262","S426",1,4.96284463025991,1,143,2,66,"0","3",1,"0","OH"
"263","S427",1,0,0,NA,NA,35,"0","0",1,"0","OH"
"264","S428",1,0.693147180559945,1,2,6,28,"0","2",0,"0","OH"
"265","S429",1,6.20455776256869,1,495,3,48,"0","0",1,"0","OH"
"266","S430",0,0,0,NA,NA,23,"1","1",0,"0","OH"
"267","S431",1,0,0,NA,NA,80,"0","3",1,"0","OH"
"268","S432",1,0,0,NA,NA,41,"0","0",1,"0","OH"
"269","S433",1,0,0,NA,NA,34,"0","0",0,"0","OH"
"270","S434",0,0.693147180559945,1,2,4,24,"1","1",0,"0","OH"
"271","S435",0,0,0,NA,NA,24,"1","1",1,"0","OH"
"272","S436",0,4.91265488573605,1,136,2,59,"0","0",1,"0","OH"
"273","S437",1,5.75257263882563,1,315,3,23,"1","1",1,"0","OH"
"274","S438",1,6.92067150424868,1,1013,4,23,"1","1",1,"0","OH"
"275","S439",0,3.78418963391826,1,44,2,58,"0","0",1,"0","OH"
"276","S440",1,0,0,NA,NA,29,"0","2",0,"0","OH"
"277","S441",0,6.98100574072173,1,1076,5,22,"1","1",1,"0","OH"
"278","S442",1,0,0,NA,NA,27,"0","2",0,"0","OH"
"279","S443",1,0,0,NA,NA,39,"0","0",1,"2","OH"
"280","S444",0,0,0,NA,NA,56,"0","0",1,"0","OH"
"281","S445",1,0.693147180559945,1,2,3,64,"0","3",1,"2","OH"
"282","S446",1,6.15909538849193,1,473,5,25,"1","1",1,"0","OH"
"283","S447",0,5.27299955856375,1,195,2,22,"1","1",1,"0","OH"
"284","S448",0,0,0,NA,NA,22,"1","1",1,"0","OH"
"285","S449",1,0.693147180559945,1,2,1,32,"0","0",1,"0","OH"
"286","S450",0,4.93447393313069,1,139,1,22,"1","1",1,"0","OH"
"287","S451",1,0.693147180559945,1,2,1,34,"0","0",1,"0","OH"
"288","S452",1,5.42053499927229,1,226,3,39,"0","0",1,"0","OH"
"289","S453",0,0,0,NA,NA,62,"0","3",0,"0","OH"
"290","S454",0,5.50125821054473,1,245,2,40,"0","0",0,"0","OH"
"291","S455",0,0,0,NA,NA,56,"0","0",1,"0","OH"
"292","S456",0,4.91265488573605,1,136,1,28,"0","2",0,"0","OH"
"293","S457",1,0,0,NA,NA,53,"0","0",0,"0","OH"
"294","S458",1,0,0,NA,NA,21,"1","1",1,"1","OH"
"295","S459",1,5.02388052084628,1,152,1,51,"0","0",1,"1","OH"
"296","S460",1,0,0,NA,NA,29,"0","2",NA,"0","OH"
"297","S461",1,0.693147180559945,1,2,6,20,"1","1",1,"0","OH"
"298","S462",1,0,0,NA,NA,32,"0","0",0,"0","OH"
"299","S463",1,6.16751649088834,1,477,2,20,"1","1",1,"0","OH"
"300","S464",1,0,0,NA,NA,21,"1","1",1,"0","OH"
"301","S465",1,0,0,NA,NA,28,"0","2",1,"0","OH"
"302","S466",1,0,0,NA,NA,44,"0","0",0,"2","OH"
"303","S467",1,0,0,NA,NA,55,"0","0",0,"1","OH"
"304","S468",0,0,0,NA,NA,29,"0","2",0,"0","OH"
"305","S469",NA,0,0,NA,NA,45,"0","0",1,"0","OH"
"306","S470",0,0,0,NA,NA,20,"1","1",0,"0","OH"
"307","S471",1,0.693147180559945,1,2,4,26,"0","2",1,"0","OH"
"308","S472",0,7.4667994750186,1,1749,4,19,"1","1",1,"3","OH"
"309","S473",0,0,0,NA,NA,50,"0","0",1,"0","OH"
"310","S474",1,0,0,NA,NA,21,"1","1",1,"0","OH"
"311","S475",0,0.693147180559945,1,2,1,19,"1","1",0,"0","OH"
"312","S476",NA,0,0,NA,NA,19,"1","1",1,"0","OH"
"313","S477",1,0.693147180559945,1,2,4,34,"0","0",1,"0","OH"
"314","S478",1,0,0,NA,NA,32,"0","0",0,"0","OH"
"315","S479",1,0.693147180559945,1,2,4,22,"1","1",0,"0","OH"
"316","S480",0,5.0998664278242,1,164,1,25,"1","1",0,"0","OH"
"317","S481",1,6.26149168432104,1,524,4,18,"1","1",0,"0","OH"
"318","S482",1,0,0,NA,NA,42,"0","0",0,"0","OH"
"319","S483",1,0,0,NA,NA,30,"0","2",0,"0","OH"
"320","S484",1,0,0,NA,NA,49,"0","0",0,"0","OH"
"321","S227",1,3.36729582998647,1,29,2,54,"0","0",0,"2","NC"
"322","S37",1,0,0,NA,NA,32,"0","0",1,"0","NC"
"323","S189",1,0,0,NA,NA,36,"0","0",0,"2","NC"
"324","S220",1,0.693147180559945,1,2,1,81,"0","3",1,"2","NC"
"325","S230",1,0,0,NA,NA,32,"0","0",1,"1","NC"
"326","S6",1,5.91079664404053,1,369,3,44,"0","0",1,"2","NC"
"327","S207",1,0.693147180559945,1,2,4,31,"0","2",0,"1","NC"
"328","S155",1,0,0,NA,NA,46,"0","0",0,"2","NC"
"329","S109",1,0.693147180559945,1,2,2,37,"0","0",1,"1","NC"
"330","S159",1,0,0,NA,NA,38,"0","0",1,"1","NC"
"331","S205",1,0,0,NA,NA,41,"0","0",1,"1","NC"
"332","S130",1,0,0,NA,NA,50,"0","0",1,"1","NC"
"333","S75",1,0,0,NA,NA,54,"0","0",0,"2","NC"
"334","S11",1,0,0,NA,NA,48,"0","0",0,"2","NC"
"335","S74",0,0,0,NA,NA,31,"0","2",0,"0","NC"
"336","S93",1,0,0,NA,NA,51,"0","0",1,"2","NC"
"337","S147",1,0.693147180559945,1,2,4,46,"0","0",1,"2","NC"
"338","S182",1,0,0,NA,NA,40,"0","0",0,"2","NC"
"339","S3",0,0,0,NA,NA,61,"0","3",1,"1","NC"
"340","S92",1,0,0,NA,NA,50,"0","0",0,"1","NC"
"341","S129",0,0,0,NA,NA,36,"0","0",0,"2","NC"
"342","S107",1,0,0,NA,NA,28,"0","2",1,"2","NC"
"343","S235",0,0,0,NA,NA,56,"0","0",0,"2","NC"
"344","S208",1,0,0,NA,NA,30,"0","2",0,"1","NC"
"345","S100",1,0,0,NA,NA,65,"0","3",1,"2","NC"
"346","S127",1,0,0,NA,NA,57,"0","0",1,"2","NC"
"347","S70",0,0,0,NA,NA,27,"0","2",0,"1","NC"
"348","S51",1,0,0,NA,NA,30,"0","2",0,"0","NC"
"349","S89",0,0,0,NA,NA,60,"0","0",1,"1","NC"
"350","S131",0,0,0,NA,NA,37,"0","0",0,"1","NC"
"351","S176",1,3.46573590279973,1,32,3,78,"0","3",1,"2","NC"
"352","S9",0,0,0,NA,NA,78,"0","3",1,"0","NC"
"353","S219",1,0.693147180559945,1,2,3,60,"0","0",1,"2","NC"
"354","S34",1,5.73009978297357,1,308,3,35,"0","0",0,"0","NC"
"355","S60",1,4.66343909411207,1,106,3,53,"0","0",1,"0","NC"
"356","S79",1,0,0,NA,NA,47,"0","0",0,"1","NC"
"357","S83",1,0,0,NA,NA,35,"0","0",1,"1","NC"
"358","S33",1,0.693147180559945,1,2,4,45,"0","0",0,"2","NC"
"359","S90",1,0,0,NA,NA,41,"0","0",1,"1","NC"
"360","S48",1,5.23644196282995,1,188,3,36,"0","0",1,"1","NC"
"361","S146",1,3.43398720448515,1,31,3,45,"0","0",1,"0","NC"
"362","S222",1,4.46590811865458,1,87,1,41,"0","0",1,"1","NC"
"363","S45",1,0.693147180559945,1,2,2,34,"0","0",1,"2","NC"
"364","S160",0,0,0,NA,NA,29,"0","2",1,"0","NC"
"365","S4",1,0,0,NA,NA,52,"0","0",0,"2","NC"
"366","S194",0,0,0,NA,NA,47,"0","0",0,"1","NC"
"367","S145",1,5.54517744447956,1,256,4,44,"0","0",1,"1","NC"
"368","S88",1,0,0,NA,NA,62,"0","3",0,"1","NC"
"369","S143",1,0,0,NA,NA,57,"0","0",0,"1","NC"
"370","S132",1,0.693147180559945,1,2,1,42,"0","0",0,"1","NC"
"371","S248",1,3.61091791264422,1,37,3,59,"0","0",1,"2","NC"
"372","S82",1,0,0,NA,NA,35,"0","0",0,"1","NC"
"373","S153",1,4.23410650459726,1,69,4,54,"0","0",1,"1","NC"
"374","S13",1,4.76217393479776,1,117,3,70,"0","3",1,"2","NC"
"375","S14",1,0,0,NA,NA,81,"0","3",0,"1","NC"
"376","S226",1,0,0,NA,NA,69,"0","3",1,"2","NC"
"377","S87",1,4.69134788222914,1,109,2,65,"0","3",0,"0","NC"
"378","S138",1,5.5683445037611,1,262,7,28,"0","2",1,"2","NC"
"379","S65",0,5.01063529409626,1,150,4,26,"0","2",0,"0","NC"
"380","S27",1,0,0,NA,NA,23,"1","1",0,"2","NC"
"381","S196",0,0.693147180559945,1,2,6,29,"0","2",1,"2","NC"
"382","S31",1,0,0,NA,NA,55,"0","0",0,"1","NC"
"383","S121",1,0,0,NA,NA,68,"0","3",1,"1","NC"
"384","S17",0,0,0,NA,NA,51,"0","0",1,"0","NC"
"385","S209",1,0.693147180559945,1,2,1,31,"0","2",NA,"1","NC"
"386","S112",1,0.693147180559945,1,2,5,22,"1","1",1,"0","NC"
"387","S187",1,0,0,NA,NA,46,"0","0",0,"1","NC"
"388","S78",1,0,0,NA,NA,51,"0","0",1,"1","NC"
"389","S237",1,0,0,NA,NA,19,"1","1",0,"0","NC"
"390","S239",1,3.89182029811063,1,49,2,52,"0","0",1,"1","NC"
"391","S49",1,0,0,NA,NA,48,"0","0",1,"2","NC"
"392","S64",0,0,0,NA,NA,28,"0","2",1,"1","NC"
"393","S246",1,0.693147180559945,1,2,4,34,"0","0",0,"2","NC"
"394","S221",0,0,0,NA,NA,50,"0","0",1,"0","NC"
"395","S204",1,6.79682371827486,1,895,1,26,"0","2",NA,"1","NC"
"396","S156",1,2.94443897916644,1,19,2,61,"0","3",1,"1","NC"
"397","S108",1,0,0,NA,NA,27,"0","2",1,"1","NC"
"398","S154",1,0,0,NA,NA,49,"0","0",0,"0","NC"
"399","S44",0,0,0,NA,NA,48,"0","0",0,"0","NC"
"400","S18",0,0,0,NA,NA,28,"0","2",0,"2","NC"
"401","S162",1,0,0,NA,NA,43,"0","0",0,"0","NC"
"402","S213",1,0.693147180559945,1,2,6,30,"0","2",1,"1","NC"
"403","S185",0,0,0,NA,NA,45,"0","0",1,"0","NC"
"404","S178",0,0,0,NA,NA,41,"0","0",0,"0","NC"
"405","S234",1,0.693147180559945,1,2,3,47,"0","0",1,"1","NC"
"406","S84",1,0,0,NA,NA,38,"0","0",1,"1","NC"
"407","S216",1,0.693147180559945,1,2,3,29,"0","2",1,"1","NC"
"408","S137",1,6.15697898558556,1,472,3,31,"0","2",1,"0","NC"
"409","S191",1,0,0,NA,NA,46,"0","0",0,"2","NC"
"410","S231",1,0,0,NA,NA,51,"0","0",1,"2","NC"
"411","S244",1,0,0,NA,NA,45,"0","0",0,"2","NC"
"412","S12",1,0,0,NA,NA,65,"0","3",0,"2","NC"
"413","S94",1,0.693147180559945,1,2,3,74,"0","3",1,"2","NC"
"414","S201",0,0.693147180559945,1,2,3,20,"1","1",0,"0","NC"
"415","S133",0,5.45958551414416,1,235,2,51,"0","0",0,"1","NC"
"416","S169",1,0,0,NA,NA,42,"0","0",0,"0","NC"
"417","S53",1,0,0,NA,NA,35,"0","0",0,"0","NC"
"418","S101",1,0,0,NA,NA,31,"0","2",1,"1","NC"
"419","S20",1,6.04025471127741,1,420,2,58,"0","0",1,"0","NC"
"420","S126",1,0,0,NA,NA,19,"1","1",1,"1","NC"
"421","S212",1,0,0,NA,NA,31,"0","2",0,"0","NC"
"422","S228",1,0.693147180559945,1,2,4,38,"0","0",0,"0","NC"
"423","S99",1,0.693147180559945,1,2,4,22,"1","1",1,"2","NC"
"424","S224",1,0,0,NA,NA,37,"0","0",1,"1","NC"
"425","S86",0,6.43133108193348,1,621,4,19,"1","1",0,"0","NC"
"426","S152",0,0.693147180559945,1,2,3,19,"1","1",1,"0","NC"
"427","S15",1,0,0,NA,NA,25,"1","1",1,"0","NC"
"428","S165",1,5.84354441703136,1,345,3,21,"1","1",0,"2","NC"
"429","S167",1,6.02102334934953,1,412,3,34,"0","0",1,"1","NC"
"430","S38",1,0.693147180559945,1,2,1,22,"1","1",1,"0","NC"
"431","S198",0,0,0,NA,NA,19,"1","1",1,"0","NC"
"432","S158",1,5.71702770140622,1,304,4,33,"0","0",1,"0","NC"
"433","S77",1,0.693147180559945,1,2,5,33,"0","0",0,"1","NC"
"434","S211",0,4.90527477843843,1,135,3,40,"0","0",1,"2","NC"
"435","S63",0,6.85224256905188,1,946,3,19,"1","1",0,"1","NC"
"436","S97",1,5.50938833662798,1,247,3,52,"0","0",0,"2","NC"
"437","S214",1,0,0,NA,NA,36,"0","0",1,"1","NC"
"438","S141",1,0,0,NA,NA,49,"0","0",0,"1","NC"
"439","S41",1,0,0,NA,NA,18,"1","1",0,"0","NC"
"440","S35",1,0,0,NA,NA,32,"0","0",1,"0","NC"
"441","S139",1,0,0,NA,NA,21,"1","1",1,"0","NC"
"442","S80",1,0,0,NA,NA,31,"0","2",0,"1","NC"
"443","S184",1,7.11963563801764,1,1236,5,20,"1","1",0,"2","NC"
"444","S55",1,5.53338948872752,1,253,5,42,"0","0",0,"0","NC"
"445","S116",0,0,0,NA,NA,26,"0","2",0,"0","NC"
"446","S179",1,5.47227067367148,1,238,3,18,"1","1",0,"0","NC"
"447","S1",1,0,0,NA,NA,18,"1","1",1,"1","NC"
"448","S26",1,0,0,NA,NA,44,"0","0",0,"0","NC"
"449","S68",1,0,0,NA,NA,29,"0","2",1,"2","NC"
"450","S199",1,0,0,NA,NA,41,"0","0",0,"2","NC"
"451","S46",0,6.91671502035361,1,1009,6,22,"1","1",1,"1","NC"
"452","S735",1,0,0,NA,NA,38,"0","0",0,"2","FL"
"453","S736",1,0,0,NA,NA,73,"0","3",0,"1","FL"
"454","S737",1,0,0,NA,NA,69,"0","3",0,"1","FL"
"455","S738",NA,0,0,NA,NA,89,"0","3",1,"1","FL"
"456","S739",1,0,0,NA,NA,72,"0","3",0,"2","FL"
"457","S740",1,0,0,NA,NA,54,"0","0",0,"1","FL"
"458","S741",1,0,0,NA,NA,70,"0","3",0,"0","FL"
"459","S742",1,0,0,NA,NA,83,"0","3",0,"1","FL"
"460","S743",1,0,0,NA,NA,72,"0","3",1,"1","FL"
"461","S744",1,0,0,NA,NA,80,"0","3",1,"2","FL"
"462","S745",1,0,0,NA,NA,67,"0","3",0,"2","FL"
"463","S746",1,0,0,NA,NA,70,"0","3",0,"1","FL"
"464","S747",1,0,0,NA,NA,67,"0","3",0,"1","FL"
"465","S748",1,0,0,NA,NA,67,"0","3",1,"2","FL"
"466","S749",1,0,0,NA,NA,51,"0","0",0,"1","FL"
"467","S750",0,0,0,NA,NA,71,"0","3",0,"1","FL"
"468","S751",1,0,0,NA,NA,91,"0","3",1,"2","FL"
"469","S752",1,3.98898404656427,1,54,4,66,"0","3",1,"1","FL"
"470","S753",1,0,0,NA,NA,57,"0","0",0,"2","FL"
"471","S754",1,0,0,NA,NA,64,"0","3",1,"2","FL"
"472","S755",1,0,0,NA,NA,52,"0","0",1,"2","FL"
"473","S756",1,0,0,NA,NA,62,"0","3",0,"1","FL"
"474","S757",1,0,0,NA,NA,81,"0","3",0,"0","FL"
"475","S758",1,4.46590811865458,1,87,3,69,"0","3",1,"1","FL"
"476","S759",1,0,0,NA,NA,79,"0","3",0,"1","FL"
"477","S760",1,0,0,NA,NA,62,"0","3",0,"1","FL"
"478","S761",1,0,0,NA,NA,85,"0","3",1,"0","FL"
"479","S762",0,0,0,NA,NA,71,"0","3",0,"2","FL"
"480","S763",1,0,0,NA,NA,79,"0","3",0,"2","FL"
"481","S764",1,0,0,NA,NA,54,"0","0",0,"2","FL"
"482","S765",1,0,0,NA,NA,80,"0","3",0,"0","FL"
"483","S766",0,0.693147180559945,1,2,4,48,"0","0",0,"2","FL"
"484","S767",1,0,0,NA,NA,46,"0","0",1,"1","FL"
"485","S768",0,0,0,NA,NA,58,"0","0",1,"1","FL"
"486","S769",1,0,0,NA,NA,74,"0","3",0,"2","FL"
"487","S770",1,4.59511985013459,1,99,3,58,"0","0",1,"2","FL"
"488","S771",1,0,0,NA,NA,49,"0","0",0,"2","FL"
"489","S772",1,0,0,NA,NA,85,"0","3",0,"2","FL"
"490","S773",1,4.59511985013459,1,99,1,60,"0","0",0,"2","FL"
"491","S774",1,0,0,NA,NA,81,"0","3",1,"2","FL"
"492","S775",1,3.36729582998647,1,29,2,63,"0","3",1,"2","FL"
"493","S776",1,0,0,NA,NA,61,"0","3",1,"1","FL"
"494","S777",1,0,0,NA,NA,58,"0","0",1,"2","FL"
"495","S778",1,0,0,NA,NA,63,"0","3",1,"1","FL"
"496","S779",0,0.693147180559945,1,2,4,44,"0","0",0,"1","FL"
"497","S780",1,0,0,NA,NA,66,"0","3",0,"1","FL"
"498","S781",1,0,0,NA,NA,83,"0","3",1,"2","FL"
"499","S782",1,5.9427993751267,1,381,5,47,"0","0",0,"2","FL"
"500","S783",1,0,0,NA,NA,61,"0","3",1,"1","FL"
"501","S784",1,5.57594910314632,1,264,3,48,"0","0",1,"1","FL"
"502","S785",0,2.83321334405622,1,17,1,45,"0","0",0,"2","FL"
"503","S786",1,0,0,NA,NA,48,"0","0",0,"1","FL"
"504","S787",0,0,0,NA,NA,47,"0","0",0,"2","FL"
"505","S788",1,0,0,NA,NA,49,"0","0",0,"2","FL"
"506","S789",0,0,0,NA,NA,40,"0","0",0,"2","FL"
"507","S790",0,5.81413053182507,1,335,4,39,"0","0",1,"2","FL"
"508","S791",1,0,0,NA,NA,77,"0","3",1,"2","FL"
"509","S792",1,0,0,NA,NA,40,"0","0",0,"1","FL"
"510","S793",1,7.1074254741107,1,1221,4,41,"0","0",1,"1","FL"
"511","S794",1,6.95654544315157,1,1050,2,43,"0","0",1,"2","FL"
"512","S795",1,0,0,NA,NA,65,"0","3",0,"2","FL"
"513","S796",0,0,0,NA,NA,36,"0","0",1,"1","FL"
"514","S797",1,6.10924758276437,1,450,3,36,"0","0",0,"2","FL"
"515","S798",1,0,0,NA,NA,75,"0","3",0,"2","FL"
"516","S799",0,0,0,NA,NA,70,"0","3",1,"2","FL"
"517","S800",1,0,0,NA,NA,42,"0","0",0,"2","FL"
"518","S801",1,0,0,NA,NA,64,"0","3",1,"2","FL"
"519","S802",NA,0,0,NA,NA,63,"0","3",0,"2","FL"
"520","S803",0,0,0,NA,NA,44,"0","0",0,"1","FL"
"521","S804",1,0,0,NA,NA,68,"0","3",1,"2","FL"
"522","S805",1,0,0,NA,NA,53,"0","0",0,"2","FL"
"523","S806",1,0,0,NA,NA,34,"0","0",1,"1","FL"
"524","S807",1,0,0,NA,NA,82,"0","3",1,"2","FL"
"525","S808",1,3.55534806148941,1,35,1,55,"0","0",1,"1","FL"
"526","S809",1,0,0,NA,NA,80,"0","3",1,"1","FL"
"527","S810",1,0,0,NA,NA,82,"0","3",0,"2","FL"
"528","S811",1,0,0,NA,NA,72,"0","3",0,"2","FL"
"529","S812",0,0,0,NA,NA,56,"0","0",1,"1","FL"
"530","S813",0,0,0,NA,NA,53,"0","0",0,"2","FL"
"531","S814",0,0,0,NA,NA,86,"0","3",0,"0","FL"
"532","S815",1,0,0,NA,NA,51,"0","0",0,"2","FL"
"533","S816",0,0.693147180559945,1,2,5,73,"0","3",1,"2","FL"
"534","S817",1,0,0,NA,NA,37,"0","0",1,"0","FL"
"535","S818",1,0,0,NA,NA,75,"0","3",1,"2","FL"
"536","S819",1,0,0,NA,NA,62,"0","3",0,"1","FL"
"537","S820",1,0,0,NA,NA,36,"0","0",1,"1","FL"
"538","S821",1,2.63905732961526,1,14,1,72,"0","3",1,"0","FL"
"539","S822",1,0,0,NA,NA,79,"0","3",1,"2","FL"
"540","S823",0,3.55534806148941,1,35,1,68,"0","3",1,"0","FL"
"541","S824",0,3.91202300542815,1,50,1,33,"0","0",0,"1","FL"
"542","S825",1,0,0,NA,NA,68,"0","3",1,"1","FL"
"543","S826",0,0,0,NA,NA,57,"0","0",1,"2","FL"
"544","S827",1,3.97029191355212,1,53,2,49,"0","0",0,"2","FL"
"545","S828",1,0,0,NA,NA,61,"0","3",0,"0","FL"
"546","S829",0,4.54329478227,1,94,4,61,"0","3",1,"2","FL"
"547","S830",1,3.40119738166216,1,30,4,48,"0","0",1,"2","FL"
"548","S831",0,0,0,NA,NA,76,"0","3",1,"2","FL"
"549","S832",1,0,0,NA,NA,31,"0","2",1,"1","FL"
"550","S833",1,0,0,NA,NA,49,"0","0",1,"1","FL"
"551","S834",0,0,0,NA,NA,52,"0","0",1,"0","FL"
"552","S835",1,6.4085287910595,1,607,4,39,"0","0",1,"1","FL"
"553","S836",1,2.39789527279837,1,11,1,74,"0","3",1,"2","FL"
"554","S837",1,0,0,NA,NA,54,"0","0",1,"2","FL"
"555","S838",1,0,0,NA,NA,71,"0","3",1,"2","FL"
"556","S839",1,0.693147180559945,1,2,4,63,"0","3",1,"1","FL"
"557","S840",0,0,0,NA,NA,30,"0","2",1,"0","FL"
"558","S841",1,0.693147180559945,1,2,2,84,"0","3",0,"2","FL"
"559","S842",0,0,0,NA,NA,85,"0","3",1,"2","FL"
"560","S843",1,0,0,NA,NA,52,"0","0",1,"1","FL"
"561","S844",1,0,0,NA,NA,99,"0","3",1,"2","FL"
"562","S845",1,0,0,NA,NA,63,"0","3",1,"2","FL"
"563","S846",1,0,0,NA,NA,28,"0","2",1,"1","FL"
"564","S847",NA,0,0,NA,NA,41,"0","0",0,"1","FL"
"565","S848",1,0,0,NA,NA,38,"0","0",1,"1","FL"
"566","S849",1,0,0,NA,NA,39,"0","0",1,"3","FL"
"567","S850",1,5.85793315448346,1,350,5,30,"0","2",NA,"1","FL"
"568","S851",0,0,0,NA,NA,48,"0","0",1,"2","FL"
"569","S852",0,0,0,NA,NA,84,"0","3",0,"0","FL"
"570","S853",0,0,0,NA,NA,28,"0","2",1,"2","FL"
"571","S854",1,0,0,NA,NA,28,"0","2",1,"1","FL"
"572","S855",0,0,0,NA,NA,28,"0","2",0,"2","FL"
"573","S856",1,0.693147180559945,1,2,1,50,"0","0",0,"0","FL"
"574","S857",1,0,0,NA,NA,39,"0","0",1,"0","FL"
"575","S858",0,0,0,NA,NA,31,"0","2",NA,"1","FL"
"576","S859",0,4.93447393313069,1,139,3,55,"0","0",0,"2","FL"
"577","S860",1,5.90263333340137,1,366,5,49,"0","0",0,"2","FL"
"578","S861",1,0,0,NA,NA,66,"0","3",0,"0","FL"
"579","S862",1,0,0,NA,NA,59,"0","0",1,"0","FL"
"580","S863",1,0,0,NA,NA,46,"0","0",1,"0","FL"
"581","S864",1,0,0,NA,NA,48,"0","0",0,"2","FL"
"582","S865",1,5.89989735358249,1,365,1,36,"0","0",1,"0","FL"
"583","S866",0,0,0,NA,NA,28,"0","2",0,"0","FL"
"584","S867",1,0,0,NA,NA,40,"0","0",1,"2","FL"
"585","S868",1,0,0,NA,NA,39,"0","0",1,"1","FL"
"586","S869",1,0,0,NA,NA,57,"0","0",0,"2","FL"
"587","S870",1,4.60517018598809,1,100,5,57,"0","0",1,"2","FL"
"588","S871",1,0.693147180559945,1,2,1,40,"0","0",1,"0","FL"
"589","S872",1,6.05678401322862,1,427,7,26,"0","2",0,"2","FL"
"590","S873",1,0,0,NA,NA,67,"0","3",1,"2","FL"
"591","S874",1,0.693147180559945,1,2,4,29,"0","2",1,"1","FL"
"592","S875",1,0,0,NA,NA,50,"0","0",1,"1","FL"
"593","S876",1,0,0,NA,NA,27,"0","2",0,"1","FL"
"594","S877",0,0.693147180559945,1,2,4,26,"0","2",1,"1","FL"
"595","S878",1,0,0,NA,NA,54,"0","0",1,"1","FL"
"596","S879",0,2.99573227355399,1,20,1,29,"0","2",0,"0","FL"
"597","S880",1,0.693147180559945,1,2,3,33,"0","0",0,"1","FL"
"598","S881",0,0,0,NA,NA,54,"0","0",1,"0","FL"
"599","S882",1,0.693147180559945,1,2,1,49,"0","0",0,"2","FL"
"600","S883",0,5.57972982598622,1,265,3,25,"1","1",0,"1","FL"
"601","S884",1,0,0,NA,NA,32,"0","0",1,"0","FL"
"602","S885",1,3.13549421592915,1,23,1,55,"0","0",1,"1","FL"
"603","S886",0,0.693147180559945,1,2,3,65,"0","3",0,"2","FL"
"604","S887",0,0,0,NA,NA,26,"0","2",1,"0","FL"
"605","S888",0,0,0,NA,NA,61,"0","3",0,"2","FL"
"606","S889",1,6.27664348934164,1,532,7,25,"1","1",0,"1","FL"
"607","S890",1,0,0,NA,NA,45,"0","0",0,"1","FL"
"608","S891",1,0.693147180559945,1,2,1,30,"0","2",1,"1","FL"
"609","S892",0,5.33271879326537,1,207,3,24,"1","1",1,"0","FL"
"610","S893",1,0,0,NA,NA,25,"1","1",1,"0","FL"
"611","S894",0,0,0,NA,NA,31,"0","2",0,"1","FL"
"612","S895",1,0,0,NA,NA,68,"0","3",1,"0","FL"
"613","S896",1,0,0,NA,NA,52,"0","0",0,"0","FL"
"614","S897",1,0,0,NA,NA,67,"0","3",1,"1","FL"
"615","S898",0,0,0,NA,NA,25,"1","1",1,"1","FL"
"616","S899",1,0,0,NA,NA,33,"0","0",0,"1","FL"
"617","S900",1,0,0,NA,NA,71,"0","3",1,"1","FL"
"618","S901",1,0,0,NA,NA,75,"0","3",1,"2","FL"
"619","S902",1,0,0,NA,NA,24,"1","1",NA,"0","FL"
"620","S903",1,0,0,NA,NA,23,"1","1",0,"0","FL"
"621","S904",1,0.693147180559945,1,2,4,24,"1","1",0,"1","FL"
"622","S905",1,0,0,NA,NA,24,"1","1",0,"1","FL"
"623","S906",1,0,0,NA,NA,24,"1","1",1,"1","FL"
"624","S907",0,0.693147180559945,1,2,2,24,"1","1",1,"0","FL"
"625","S908",0,0,0,NA,NA,24,"1","1",1,"1","FL"
"626","S909",0,0,0,NA,NA,84,"0","3",1,"0","FL"
"627","S910",0,0.693147180559945,1,2,4,43,"0","0",1,"2","FL"
"628","S911",0,0,0,NA,NA,43,"0","0",0,"1","FL"
"629","S912",0,0,0,NA,NA,45,"0","0",0,"0","FL"
"630","S913",0,0,0,NA,NA,23,"1","1",1,"1","FL"
"631","S914",0,5.10594547390058,1,165,2,42,"0","0",1,"1","FL"
"632","S915",1,0,0,NA,NA,23,"1","1",0,"1","FL"
"633","S916",1,0,0,NA,NA,71,"0","3",1,"1","FL"
"634","S917",0,0.693147180559945,1,2,5,22,"1","1",0,"1","FL"
"635","S918",1,0,0,NA,NA,52,"0","0",0,"0","FL"
"636","S919",1,0,0,NA,NA,25,"1","1",1,"1","FL"
"637","S920",0,0,0,NA,NA,22,"1","1",0,"1","FL"
"638","S921",1,0,0,NA,NA,69,"0","3",1,"1","FL"
"639","S922",0,0,0,NA,NA,67,"0","3",1,"1","FL"
"640","S923",1,0,0,NA,NA,61,"0","3",1,"1","FL"
"641","S924",0,0,0,NA,NA,27,"0","2",0,"1","FL"
"642","S925",1,0,0,NA,NA,41,"0","0",1,"0","FL"
"643","S926",1,0,0,NA,NA,22,"1","1",1,"2","FL"
"644","S927",1,0,0,NA,NA,82,"0","3",0,"2","FL"
"645","S928",0,0,0,NA,NA,21,"1","1",1,"2","FL"
"646","S929",1,0.693147180559945,1,2,3,49,"0","0",1,"2","FL"
"647","S930",1,0,0,NA,NA,34,"0","0",1,"1","FL"
"648","S931",0,0,0,NA,NA,58,"0","0",1,"0","FL"
"649","S932",1,0.693147180559945,1,2,4,24,"1","1",1,"1","FL"
"650","S933",1,0.693147180559945,1,2,7,26,"0","2",1,"1","FL"
"651","S934",0,0,0,NA,NA,58,"0","0",1,"0","FL"
"652","S935",1,2.39789527279837,1,11,2,51,"0","0",0,"1","FL"
"653","S936",1,3.73766961828337,1,42,1,47,"0","0",0,"0","FL"
"654","S937",1,5.16478597392351,1,175,4,31,"0","2",1,"0","FL"
"655","S938",1,0,0,NA,NA,31,"0","2",1,"0","FL"
"656","S939",1,0,0,NA,NA,79,"0","3",1,"2","FL"
"657","S940",1,0,0,NA,NA,26,"0","2",1,"1","FL"
"658","S941",0,0,0,NA,NA,42,"0","0",0,"1","FL"
"659","S942",0,0,0,NA,NA,35,"0","0",0,"1","FL"
"660","S943",1,0,0,NA,NA,55,"0","0",0,"1","FL"
"661","S944",1,0,0,NA,NA,21,"1","1",0,"2","FL"
"662","S945",1,0,0,NA,NA,23,"1","1",1,"1","FL"
"663","S946",1,0,0,NA,NA,48,"0","0",1,"0","FL"
"664","S947",0,0,0,NA,NA,33,"0","0",1,"1","FL"
"665","S948",1,5.8348107370626,1,342,2,36,"0","0",1,"0","FL"
"666","S949",NA,0.693147180559945,1,2,6,23,"1","1",NA,"0","FL"
"667","S950",0,0,0,NA,NA,78,"0","3",0,"2","FL"
"668","S951",1,0,0,NA,NA,58,"0","0",1,"1","FL"
"669","S952",0,5.4971682252932,1,244,2,28,"0","2",0,"0","FL"
"670","S953",1,0.693147180559945,1,2,3,43,"0","0",1,"1","FL"
"671","S954",1,0.693147180559945,1,2,3,45,"0","0",1,"2","FL"
"672","S955",0,0,0,NA,NA,51,"0","0",0,"2","FL"
"673","S956",0,3.63758615972639,1,38,1,30,"0","2",0,"0","FL"
"674","S957",0,0,0,NA,NA,20,"1","1",0,"1","FL"
"675","S958",0,0,0,NA,NA,29,"0","2",1,"0","FL"
"676","S959",0,4.74493212836325,1,115,3,36,"0","0",1,"1","FL"
"677","S960",1,0.693147180559945,1,2,4,20,"1","1",0,"1","FL"
"678","S961",1,6.52941883826223,1,685,5,20,"1","1",1,"2","FL"
"679","S962",0,7.3125534981026,1,1499,3,20,"1","1",0,"1","FL"
"680","S963",1,5.68017260901707,1,293,4,55,"0","0",0,"1","FL"
"681","S964",1,3.97029191355212,1,53,2,24,"1","1",1,"1","FL"
"682","S965",0,0,0,NA,NA,19,"1","1",NA,"0","FL"
"683","S966",1,0,0,NA,NA,67,"0","3",1,"0","FL"
"684","S967",1,5.01063529409626,1,150,4,20,"1","1",NA,"0","FL"
"685","S968",1,0,0,NA,NA,20,"1","1",0,"0","FL"
"686","S969",1,0,0,NA,NA,34,"0","0",1,"1","FL"
"687","S970",0,0,0,NA,NA,27,"0","2",1,"1","FL"
"688","S971",0,0,0,NA,NA,79,"0","3",1,"0","FL"
"689","S972",1,0,0,NA,NA,29,"0","2",0,"2","FL"
"690","S973",1,0,0,NA,NA,84,"0","3",0,"1","FL"
"691","S974",1,0,0,NA,NA,18,"1","1",1,"1","FL"
"692","S975",1,0,0,NA,NA,36,"0","0",0,"0","FL"
"693","S976",0,0,0,NA,NA,18,"1","1",1,"1","FL"
"694","S977",1,5.3890717298165,1,219,2,20,"1","1",0,"1","FL"
"695","S978",0,0,0,NA,NA,40,"0","0",1,"2","FL"
"696","S979",1,0,0,NA,NA,65,"0","3",1,"2","FL"
"697","S980",0,6.4118182677099,1,609,1,29,"0","2",0,"1","FL"
"698","S981",1,0,0,NA,NA,55,"0","0",1,"0","FL"
"699","S982",0,4.40671924726425,1,82,1,18,"1","1",1,"2","FL"
"700","S983",1,0,0,NA,NA,59,"0","0",1,"0","FL"
"701","S984",1,0,0,NA,NA,28,"0","2",1,"2","FL"
"702","S485",0,0,0,NA,NA,89,"0","3",1,"2","OK"
"703","S486",1,0.693147180559945,1,2,2,89,"0","3",1,"1","OK"
"704","S487",1,0,0,NA,NA,75,"0","3",0,"2","OK"
"705","S488",1,0,0,NA,NA,79,"0","3",0,"2","OK"
"706","S489",1,0.693147180559945,1,2,3,66,"0","3",0,"1","OK"
"707","S490",1,0.693147180559945,1,2,3,70,"0","3",1,"2","OK"
"708","S491",1,4.84418708645859,1,127,2,66,"0","3",1,"1","OK"
"709","S492",1,3.68887945411394,1,40,1,82,"0","3",0,"1","OK"
"710","S493",1,4.68213122712422,1,108,1,78,"0","3",0,"1","OK"
"711","S494",1,5.11198778835654,1,166,1,87,"0","3",0,"1","OK"
"712","S495",1,0.693147180559945,1,2,2,67,"0","3",0,"2","OK"
"713","S496",1,0,0,NA,NA,72,"0","3",0,"1","OK"
"714","S497",0,0,0,NA,NA,79,"0","3",1,"1","OK"
"715","S498",1,4.40671924726425,1,82,3,65,"0","3",1,"2","OK"
"716","S499",1,0,0,NA,NA,59,"0","0",0,"1","OK"
"717","S500",1,0.693147180559945,1,2,5,46,"0","0",1,"2","OK"
"718","S501",1,0,0,NA,NA,73,"0","3",1,"2","OK"
"719","S502",1,0,0,NA,NA,66,"0","3",0,"1","OK"
"720","S503",1,0,0,NA,NA,52,"0","0",1,"2","OK"
"721","S504",1,0.693147180559945,1,2,4,56,"0","0",0,"2","OK"
"722","S505",1,0,0,NA,NA,55,"0","0",0,"1","OK"
"723","S506",1,0.693147180559945,1,2,1,55,"0","0",0,"3","OK"
"724","S507",0,0,0,NA,NA,48,"0","0",0,"2","OK"
"725","S508",1,4.29045944114839,1,73,1,69,"0","3",1,"2","OK"
"726","S509",0,0,0,NA,NA,81,"0","3",0,"2","OK"
"727","S510",1,0,0,NA,NA,72,"0","3",0,"2","OK"
"728","S511",1,0.693147180559945,1,2,3,61,"0","3",1,"2","OK"
"729","S512",1,5.62762111369064,1,278,4,60,"0","0",1,"2","OK"
"730","S513",1,0,0,NA,NA,54,"0","0",0,"2","OK"
"731","S514",1,0,0,NA,NA,50,"0","0",0,"2","OK"
"732","S515",0,0,0,NA,NA,92,"0","3",1,"1","OK"
"733","S516",0,0,0,NA,NA,69,"0","3",NA,"2","OK"
"734","S517",NA,0.693147180559945,1,2,2,55,"0","0",1,"2","OK"
"735","S518",1,5.40717177146012,1,223,3,50,"0","0",0,"2","OK"
"736","S519",1,0,0,NA,NA,51,"0","0",1,"1","OK"
"737","S520",1,5.86929691313377,1,354,1,43,"0","0",0,"1","OK"
"738","S521",1,0,0,NA,NA,93,"0","3",0,"1","OK"
"739","S522",1,0,0,NA,NA,80,"0","3",1,"2","OK"
"740","S523",1,0,0,NA,NA,67,"0","3",1,"2","OK"
"741","S524",1,0.693147180559945,1,2,3,60,"0","0",0,"1","OK"
"742","S525",1,0,0,NA,NA,57,"0","0",0,"2","OK"
"743","S526",1,4.60517018598809,1,100,3,58,"0","0",1,"2","OK"
"744","S527",1,2.63905732961526,1,14,2,80,"0","3",1,"1","OK"
"745","S528",1,0,0,NA,NA,70,"0","3",1,"2","OK"
"746","S529",1,0,0,NA,NA,74,"0","3",NA,"3","OK"
"747","S530",0,0,0,NA,NA,63,"0","3",1,"1","OK"
"748","S531",0,0,0,NA,NA,82,"0","3",1,"1","OK"
"749","S532",1,0,0,NA,NA,50,"0","0",0,"1","OK"
"750","S533",NA,0,0,NA,NA,92,"0","3",0,"1","OK"
"751","S534",1,0,0,NA,NA,66,"0","3",1,"1","OK"
"752","S535",1,0,0,NA,NA,47,"0","0",0,"2","OK"
"753","S536",0,0,0,NA,NA,81,"0","3",0,"2","OK"
"754","S537",1,0.693147180559945,1,2,2,78,"0","3",0,"2","OK"
"755","S538",1,5.33753807970132,1,208,2,73,"0","3",1,"1","OK"
"756","S539",NA,0,0,NA,NA,72,"0","3",1,"1","OK"
"757","S540",1,0,0,NA,NA,59,"0","0",0,"1","OK"
"758","S541",1,0,0,NA,NA,60,"0","0",1,"2","OK"
"759","S542",1,0,0,NA,NA,57,"0","0",0,"1","OK"
"760","S543",1,0,0,NA,NA,59,"0","0",1,"2","OK"
"761","S544",1,5.19849703126583,1,181,2,50,"0","0",1,"2","OK"
"762","S545",1,4.91265488573605,1,136,1,56,"0","0",1,"2","OK"
"763","S546",1,0,0,NA,NA,67,"0","3",1,"2","OK"
"764","S547",1,3.46573590279973,1,32,1,71,"0","3",1,"1","OK"
"765","S548",1,0,0,NA,NA,63,"0","3",1,"3","OK"
"766","S549",1,0,0,NA,NA,64,"0","3",0,"2","OK"
"767","S550",1,0,0,NA,NA,92,"0","3",0,"2","OK"
"768","S551",0,0,0,NA,NA,95,"0","3",0,"2","OK"
"769","S552",1,0,0,NA,NA,73,"0","3",0,"2","OK"
"770","S553",1,0,0,NA,NA,81,"0","3",1,"2","OK"
"771","S554",1,0,0,NA,NA,57,"0","0",1,"1","OK"
"772","S555",1,0,0,NA,NA,51,"0","0",0,"2","OK"
"773","S556",NA,0,0,NA,NA,54,"0","0",0,"2","OK"
"774","S557",1,0,0,NA,NA,55,"0","0",1,"2","OK"
"775","S558",1,0,0,NA,NA,54,"0","0",1,"3","OK"
"776","S559",1,0.693147180559945,1,2,1,51,"0","0",1,"2","OK"
"777","S560",1,0,0,NA,NA,53,"0","0",0,"2","OK"
"778","S561",1,0,0,NA,NA,57,"0","0",0,"2","OK"
"779","S562",1,4.38202663467388,1,80,1,50,"0","0",1,"1","OK"
"780","S563",0,5.29831736654804,1,200,4,56,"0","0",1,"2","OK"
"781","S564",1,3.29583686600433,1,27,4,62,"0","3",0,"2","OK"
"782","S565",0,0,0,NA,NA,36,"0","0",0,"1","OK"
"783","S566",1,0.693147180559945,1,2,4,36,"0","0",0,"2","OK"
"784","S567",1,4.76217393479776,1,117,2,47,"0","0",1,"2","OK"
"785","S568",1,4.84418708645859,1,127,2,37,"0","0",1,"1","OK"
"786","S569",1,0,0,NA,NA,41,"0","0",1,"2","OK"
"787","S570",1,0,0,NA,NA,37,"0","0",1,"2","OK"
"788","S571",1,4.0943445622221,1,60,3,51,"0","0",1,"1","OK"
"789","S572",0,0,0,NA,NA,66,"0","3",1,"3","OK"
"790","S573",1,0,0,NA,NA,54,"0","0",1,"1","OK"
"791","S574",1,5.14749447681345,1,172,4,34,"0","0",0,"2","OK"
"792","S575",1,0,0,NA,NA,74,"0","3",0,"2","OK"
"793","S576",0,6.85329909318608,1,947,1,44,"0","0",0,"2","OK"
"794","S577",0,0,0,NA,NA,43,"0","0",1,"3","OK"
"795","S578",0,0,0,NA,NA,71,"0","3",1,"1","OK"
"796","S579",1,0,0,NA,NA,74,"0","3",1,"2","OK"
"797","S580",1,0,0,NA,NA,46,"0","0",1,"2","OK"
"798","S581",1,0,0,NA,NA,50,"0","0",0,"1","OK"
"799","S582",NA,0,0,NA,NA,63,"0","3",0,"2","OK"
"800","S583",0,0,0,NA,NA,32,"0","0",1,"1","OK"
"801","S584",0,0,0,NA,NA,32,"0","0",1,"2","OK"
"802","S585",1,0.693147180559945,1,2,1,39,"0","0",1,"1","OK"
"803","S586",1,0.693147180559945,1,2,3,55,"0","0",0,"1","OK"
"804","S587",0,1.6094379124341,1,5,2,44,"0","0",1,"3","OK"
"805","S588",0,0.693147180559945,1,2,4,31,"0","2",0,"3","OK"
"806","S589",NA,5.27811465923052,1,196,2,52,"0","0",1,"3","OK"
"807","S590",1,0,0,NA,NA,75,"0","3",1,"2","OK"
"808","S591",1,6.65027904858742,1,773,7,30,"0","2",0,"2","OK"
"809","S592",0,0,0,NA,NA,38,"0","0",1,"3","OK"
"810","S593",1,0.693147180559945,1,2,3,31,"0","2",1,"1","OK"
"811","S594",0,0,0,NA,NA,33,"0","0",0,"1","OK"
"812","S595",1,4.26267987704132,1,71,1,30,"0","2",1,"1","OK"
"813","S596",0,0.693147180559945,1,2,1,75,"0","3",1,"3","OK"
"814","S597",1,6.38012253689976,1,590,1,32,"0","0",1,"2","OK"
"815","S598",1,0,0,NA,NA,52,"0","0",1,"1","OK"
"816","S599",1,0,0,NA,NA,30,"0","2",NA,"2","OK"
"817","S600",1,0,0,NA,NA,33,"0","0",0,"3","OK"
"818","S601",1,0.693147180559945,1,2,3,35,"0","0",1,"2","OK"
"819","S602",1,0.693147180559945,1,2,3,30,"0","2",1,"1","OK"
"820","S603",1,4.26267987704132,1,71,2,78,"0","3",0,"2","OK"
"821","S604",0,0,0,NA,NA,54,"0","0",0,"1","OK"
"822","S605",0,0,0,NA,NA,61,"0","3",1,"2","OK"
"823","S606",0,0,0,NA,NA,53,"0","0",0,"2","OK"
"824","S607",NA,0,0,NA,NA,29,"0","2",0,"1","OK"
"825","S608",1,0.693147180559945,1,2,3,36,"0","0",1,"1","OK"
"826","S609",1,0.693147180559945,1,2,3,29,"0","2",1,"1","OK"
"827","S610",0,0,0,NA,NA,29,"0","2",0,"1","OK"
"828","S611",0,0.693147180559945,1,2,6,31,"0","2",1,"2","OK"
"829","S612",0,0.693147180559945,1,2,2,72,"0","3",1,"1","OK"
"830","S613",NA,0,0,NA,NA,48,"0","0",1,"2","OK"
"831","S614",1,3.76120011569356,1,43,2,40,"0","0",0,"2","OK"
"832","S615",1,0,0,NA,NA,95,"0","3",1,"2","OK"
"833","S616",1,0,0,NA,NA,79,"0","3",1,"3","OK"
"834","S617",1,0.693147180559945,1,2,1,63,"0","3",0,"2","OK"
"835","S618",0,0,0,NA,NA,40,"0","0",NA,"1","OK"
"836","S619",1,6.45990445437753,1,639,3,42,"0","0",1,"2","OK"
"837","S620",1,6.79682371827486,1,895,7,29,"0","2",1,"1","OK"
"838","S621",1,6.62539236800796,1,754,7,30,"0","2",0,"2","OK"
"839","S622",1,0.693147180559945,1,2,1,35,"0","0",0,"1","OK"
"840","S623",0,7.04228617193974,1,1144,1,26,"0","2",1,"2","OK"
"841","S624",1,0,0,NA,NA,79,"0","3",0,"3","OK"
"842","S625",0,0,0,NA,NA,56,"0","0",0,"1","OK"
"843","S626",1,0,0,NA,NA,59,"0","0",1,"1","OK"
"844","S627",1,0.693147180559945,1,2,5,58,"0","0",1,"1","OK"
"845","S628",1,0,0,NA,NA,71,"0","3",1,"2","OK"
"846","S629",1,0.693147180559945,1,2,6,29,"0","2",1,"2","OK"
"847","S630",0,0,0,NA,NA,28,"0","2",1,"1","OK"
"848","S631",0,0.693147180559945,1,2,4,39,"0","0",0,"2","OK"
"849","S632",1,0,0,NA,NA,35,"0","0",1,"1","OK"
"850","S633",1,0,0,NA,NA,28,"0","2",1,"1","OK"
"851","S634",1,3.66356164612965,1,39,2,53,"0","0",0,"1","OK"
"852","S635",1,6.64768837356333,1,771,7,26,"0","2",0,"2","OK"
"853","S636",1,0,0,NA,NA,52,"0","0",0,"1","OK"
"854","S637",1,5.52146091786225,1,250,3,43,"0","0",1,"2","OK"
"855","S638",0,0,0,NA,NA,46,"0","0",1,"2","OK"
"856","S639",1,0.693147180559945,1,2,3,60,"0","0",1,"1","OK"
"857","S640",1,0,0,NA,NA,29,"0","2",NA,"1","OK"
"858","S641",1,0,0,NA,NA,55,"0","0",0,"1","OK"
"859","S642",1,0,0,NA,NA,66,"0","3",0,"1","OK"
"860","S643",0,0.693147180559945,1,2,3,30,"0","2",1,"3","OK"
"861","S644",1,0,0,NA,NA,76,"0","3",0,"3","OK"
"862","S645",0,0,0,NA,NA,33,"0","0",0,"2","OK"
"863","S646",1,0.693147180559945,1,2,3,62,"0","3",0,"1","OK"
"864","S647",1,0,0,NA,NA,50,"0","0",0,"2","OK"
"865","S648",1,5.41610040220442,1,225,2,37,"0","0",1,"1","OK"
"866","S649",0,0,0,NA,NA,38,"0","0",1,"1","OK"
"867","S650",0,0,0,NA,NA,49,"0","0",1,"3","OK"
"868","S651",1,0,0,NA,NA,50,"0","0",1,"1","OK"
"869","S652",0,0,0,NA,NA,33,"0","0",1,"2","OK"
"870","S653",1,0,0,NA,NA,32,"0","0",0,"2","OK"
"871","S654",1,0,0,NA,NA,51,"0","0",1,"2","OK"
"872","S655",1,0.693147180559945,1,2,4,61,"0","3",0,"3","OK"
"873","S656",0,0.693147180559945,1,2,5,31,"0","2",0,"2","OK"
"874","S657",0,0,0,NA,NA,25,"1","1",0,"1","OK"
"875","S658",1,0,0,NA,NA,57,"0","0",0,"2","OK"
"876","S659",0,0,0,NA,NA,34,"0","0",1,"3","OK"
"877","S660",1,0.693147180559945,1,2,4,29,"0","2",1,"2","OK"
"878","S661",1,0,0,NA,NA,58,"0","0",1,"1","OK"
"879","S662",1,0.693147180559945,1,2,3,88,"0","3",1,"2","OK"
"880","S663",NA,0,0,NA,NA,27,"0","2",0,"1","OK"
"881","S664",0,0,0,NA,NA,53,"0","0",0,"3","OK"
"882","S665",0,0,0,NA,NA,65,"0","3",0,"3","OK"
"883","S666",0,4.59511985013459,1,99,4,36,"0","0",1,"2","OK"
"884","S667",1,4.27666611901606,1,72,5,35,"0","0",0,"1","OK"
"885","S668",0,0,0,NA,NA,28,"0","2",0,"3","OK"
"886","S669",1,0,0,NA,NA,68,"0","3",0,"2","OK"
"887","S670",1,2.39789527279837,1,11,2,66,"0","3",1,"1","OK"
"888","S671",0,0,0,NA,NA,61,"0","3",0,"1","OK"
"889","S672",1,0,0,NA,NA,38,"0","0",0,"3","OK"
"890","S673",1,0,0,NA,NA,40,"0","0",1,"3","OK"
"891","S674",1,0.693147180559945,1,2,5,23,"1","1",1,"2","OK"
"892","S675",1,0,0,NA,NA,30,"0","2",1,"2","OK"
"893","S676",1,0,0,NA,NA,40,"0","0",0,"2","OK"
"894","S677",0,0,0,NA,NA,29,"0","2",0,"1","OK"
"895","S678",NA,0,0,NA,NA,23,"1","1",0,"1","OK"
"896","S679",0,0.693147180559945,1,2,4,49,"0","0",0,"2","OK"
"897","S680",0,0,0,NA,NA,24,"1","1",1,"3","OK"
"898","S681",NA,0,0,NA,NA,23,"1","1",1,"2","OK"
"899","S682",1,0.693147180559945,1,2,1,49,"0","0",0,"2","OK"
"900","S683",1,7.19518732017871,1,1333,7,25,"1","1",0,"2","OK"
"901","S684",1,0,0,NA,NA,45,"0","0",1,"1","OK"
"902","S685",1,0,0,NA,NA,58,"0","0",0,"1","OK"
"903","S686",0,0,0,NA,NA,29,"0","2",1,"2","OK"
"904","S687",1,5.78382518232974,1,325,5,40,"0","0",0,"1","OK"
"905","S688",0,0.693147180559945,1,2,2,22,"1","1",1,"1","OK"
"906","S689",1,0,0,NA,NA,44,"0","0",NA,"1","OK"
"907","S690",1,5.18738580584075,1,179,2,36,"0","0",0,"1","OK"
"908","S691",1,0.693147180559945,1,2,1,22,"1","1",1,"1","OK"
"909","S692",1,0,0,NA,NA,23,"1","1",0,"1","OK"
"910","S693",1,0,0,NA,NA,67,"0","3",0,"1","OK"
"911","S694",1,0.693147180559945,1,2,1,38,"0","0",1,"2","OK"
"912","S695",1,0,0,NA,NA,54,"0","0",1,"3","OK"
"913","S696",1,0.693147180559945,1,2,2,60,"0","0",0,"2","OK"
"914","S697",0,0.693147180559945,1,2,1,53,"0","0",0,"3","OK"
"915","S698",1,0,0,NA,NA,60,"0","0",1,"2","OK"
"916","S699",1,0,0,NA,NA,40,"0","0",1,"2","OK"
"917","S700",0,0.693147180559945,1,2,2,23,"1","1",1,"3","OK"
"918","S701",1,0,0,NA,NA,62,"0","3",1,"2","OK"
"919","S702",1,0,0,NA,NA,46,"0","0",0,"1","OK"
"920","S703",0,0,0,NA,NA,45,"0","0",0,"2","OK"
"921","S704",0,0,0,NA,NA,69,"0","3",1,"1","OK"
"922","S705",0,0,0,NA,NA,27,"0","2",1,"3","OK"
"923","S706",0,0,0,NA,NA,52,"0","0",0,"2","OK"
"924","S707",NA,0.693147180559945,1,2,3,67,"0","3",1,"2","OK"
"925","S708",1,6.75343791859778,1,857,6,22,"1","1",1,"2","OK"
"926","S709",0,0,0,NA,NA,38,"0","0",1,"2","OK"
"927","S710",1,0,0,NA,NA,62,"0","3",1,"2","OK"
"928","S711",0,0.693147180559945,1,2,4,25,"1","1",0,"1","OK"
"929","S712",0,0,0,NA,NA,39,"0","0",1,"3","OK"
"930","S713",1,6.05678401322862,1,427,1,26,"0","2",1,"2","OK"
"931","S714",1,7.00124562206948,1,1098,6,24,"1","1",1,"2","OK"
"932","S715",0,0,0,NA,NA,20,"1","1",1,"2","OK"
"933","S716",0,0,0,NA,NA,20,"1","1",0,"3","OK"
"934","S717",0,0.693147180559945,1,2,2,20,"1","1",NA,"3","OK"
"935","S718",1,3.63758615972639,1,38,1,30,"0","2",0,"2","OK"
"936","S719",1,0,0,NA,NA,34,"0","0",0,"2","OK"
"937","S720",1,6.52795791762255,1,684,6,32,"0","0",NA,"1","OK"
"938","S721",1,0,0,NA,NA,19,"1","1",0,"3","OK"
"939","S722",1,0,0,NA,NA,39,"0","0",0,"3","OK"
"940","S723",1,0.693147180559945,1,2,3,21,"1","1",1,"1","OK"
"941","S724",1,4.45434729625351,1,86,2,29,"0","2",1,"2","OK"
"942","S725",0,0.693147180559945,1,2,2,19,"1","1",1,"1","OK"
"943","S726",1,0,0,NA,NA,34,"0","0",0,"2","OK"
"944","S727",0,0.693147180559945,1,2,2,42,"0","0",1,"2","OK"
"945","S728",0,0,0,NA,NA,44,"0","0",1,"1","OK"
"946","S729",1,0,0,NA,NA,70,"0","3",0,"2","OK"
"947","S730",0,0,0,NA,NA,55,"0","0",1,"2","OK"
"948","S731",0,0,0,NA,NA,27,"0","2",0,"2","OK"
"949","S732",1,6.45990445437753,1,639,2,18,"1","1",NA,"1","OK"
"950","S733",0,0,0,NA,NA,25,"1","1",1,"2","OK"
"951","S734",0,0,0,NA,NA,46,"0","0",1,"3","OK"
"952","S61",NA,0,0,NA,NA,58,"0","0",1,"0","NC"
"953","S144",NA,5.75890177387728,1,317,4,37,"0","0",0,"0","NC"
"954","S172",NA,0,0,NA,NA,72,"0","3",1,"1","NC"
"955","S173",NA,0,0,NA,NA,32,"0","0",1,"1","NC"
"956","S5",NA,0.693147180559945,1,2,3,28,"0","2",1,"1","NC"
"957","S135",NA,0,0,NA,NA,27,"0","2",NA,"0","NC"
"958","S7",NA,0.693147180559945,1,2,1,32,"0","0",1,"1","NC"
"959","S177",NA,0,0,NA,NA,48,"0","0",0,"0","NC"
"960","S151",NA,0,0,NA,NA,64,"0","3",1,"2","NC"
"961","S10",NA,4.81218435537242,1,123,3,33,"0","0",1,"1","NC"
"962","S140",NA,5.94803498918065,1,383,3,34,"0","0",1,"0","NC"
"963","S30",NA,0,0,NA,NA,52,"0","0",0,"1","NC"
"964","S183",NA,0,0,NA,NA,80,"0","3",0,"2","NC"
"965","S243",NA,0,0,NA,NA,49,"0","0",NA,"0","NC"
"966","S161",NA,0.693147180559945,1,2,1,18,"1","1",1,"0","NC"
"967","S16",NA,0,0,NA,NA,25,"1","1",1,"2","NC"
"968","S186",NA,6.09807428216624,1,445,5,22,"1","1",1,"0","NC"
"969","S232",NA,6.82110747225646,1,917,3,19,"1","1",0,"0","NC"
"970","S124",NA,0,0,NA,NA,26,"0","2",0,"0","NC"
"971","S175",NA,0,0,NA,NA,43,"0","0",0,"0","NC"
"972","S40",NA,6.44730586254121,1,631,4,25,"1","1",1,"1","NC"
"973","S123",NA,5.85793315448346,1,350,3,38,"0","0",1,"1","NC"
"974","S128",NA,5.36597601502185,1,214,4,62,"0","3",1,"1","NC"
"975","S166",NA,0,0,NA,NA,46,"0","0",1,"2","NC"
"976","S125",NA,0,0,NA,NA,30,"0","2",1,"0","NC"
"977","S72",NA,0,0,NA,NA,30,"0","2",1,"1","NC"
"978","S247",NA,0,0,NA,NA,39,"0","0",1,"1","NC"
"979","S174",NA,0.693147180559945,1,2,4,40,"0","0",1,"0","NC"
"980","S202",NA,0,0,NA,NA,62,"0","3",1,"2","NC"
"981","S117",NA,5.17614973257383,1,177,1,36,"0","0",0,"0","NC"
"982","S218",NA,0.693147180559945,1,2,4,46,"0","0",NA,"1","NC"
"983","S134",NA,0,0,NA,NA,44,"0","0",0,"0","NC"
"984","S57",NA,4.52178857704904,1,92,3,52,"0","0",1,"0","NC"
